{
    "type": "origins:fire_projectile",
    "entity_type": "minecraft:small_fireball",
    "cooldown": 500,
    "hud_render": {
        "bar_index": 15
    },
    "count": 7,
    "interval": 3,
    "speed": 2,
    "divergence": 4.5,
    "tag": "{Item: {id: 'minecraft:blaze_powder', Count: 1b}}",
    "key": {
        "key": "key.origins.secondary_active",
        "continuous": false
    },
    "name": "Fire Breath",
	"description": "You can spit balls of fire at your opponents."
}