{

    "type": "origins:action_on_callback",
    "entity_action_chosen": {
        "type": "origins:and",
        "actions": [

        {
            "type": "origins:execute_command",
            "command": "scale set pehkui:height 0.5 @s"
        },

        {
            "type": "origins:execute_command",
            "command": "scale set pehkui:width 1.5 @s"
        },

        {
            "type": "origins:execute_command",
            "command": "scale set pehkui:reach 3 @s"
        },

        {
            "type": "origins:execute_command",
            "command": "scale persist set true @s"
        },

        {
            "type": "origins:execute_command",
            "command": "scale set pehkui:motion 1.1 @s"
        }

        ]

    },

    "entity_action_lost": {
    "type": "origins:execute_command",
    "command": "scale reset @s"
    },
    "name": "Yavru Ejderha",
    "description": "Bir ejderha olarak normal bir oyuncudan daha küçüksünüz."

}